"Data Source","Indicadores del desarrollo mundial",

"Last Updated Date","2022-05-25",

"Country Name","Country Code","Indicator Name","Indicator Code","1960","1961","1962","1963","1964","1965","1966","1967","1968","1969","1970","1971","1972","1973","1974","1975","1976","1977","1978","1979","1980","1981","1982","1983","1984","1985","1986","1987","1988","1989","1990","1991","1992","1993","1994","1995","1996","1997","1998","1999","2000","2001","2002","2003","2004","2005","2006","2007","2008","2009","2010","2011","2012","2013","2014","2015","2016","2017","2018","2019","2020","2021",
"Aruba","ABW","Calificación de calidad de la administración pública de la CPIA (1=bajo a 6=alto)","IQ.CPA.PADM.XQ","","","","","","","","","","","","","","","","","","","","","","","","","","","","","","","","","","","","","","","","","","","","","","","","","","","","","","","","","","","","","","",
"","AFE","Calificación de calidad de la administración pública de la CPIA (1=bajo a 6=alto)","IQ.CPA.PADM.XQ","","","","","","","","","","","","","","","","","","","","","","","","","","","","","","","","","","","","","","","","","","","","","","2.88888888888889","2.88888888888889","2.88888888888889","2.83333333333333","2.91666666666667","2.94444444444444","2.77777777777778","2.73684210526316","2.76315789473684","2.80555555555556","2.77777777777778","2.77777777777778","2.71052631578947","2.80555555555556","2.73684210526316","2.73684210526316","",
"Afganistán","AFG","Calificación de calidad de la administración pública de la CPIA (1=bajo a 6=alto)","IQ.CPA.PADM.XQ","","","","","","","","","","","","","","","","","","","","","","","","","","","","","","","","","","","","","","","","","","","","","","","2","2","2","2","2","2.5","2.5","2.5","2.5","2.5","2.5","2.5","2.5","2.5","2.5","",
"","AFW","Calificación de calidad de la administración pública de la CPIA (1=bajo a 6=alto)","IQ.CPA.PADM.XQ","","","","","","","","","","","","","","","","","","","","","","","","","","","","","","","","","","","","","","","","","","","","","","2.86842105263158","2.89473684210526","2.92105263157895","2.89473684210526","2.9","2.9","2.975","2.925","2.875","2.9","2.9","2.95","2.925","2.9","2.925","2.9","",
"Angola","AGO","Calificación de calidad de la administración pública de la CPIA (1=bajo a 6=alto)","IQ.CPA.PADM.XQ","","","","","","","","","","","","","","","","","","","","","","","","","","","","","","","","","","","","","","","","","","","","","","2.5","2.5","2.5","2.5","2.5","2.5","2","2","2","","","","","","","","",
"Albania","ALB","Calificación de calidad de la administración pública de la CPIA (1=bajo a 6=alto)","IQ.CPA.PADM.XQ","","","","","","","","","","","","","","","","","","","","","","","","","","","","","","","","","","","","","","","","","","","","","","3","3","","","","","","","","","","","","","","","",
"Andorra","AND","Calificación de calidad de la administración pública de la CPIA (1=bajo a 6=alto)","IQ.CPA.PADM.XQ","","","","","","","","","","","","","","","","","","","","","","","","","","","","","","","","","","","","","","","","","","","","","","","","","","","","","","","","","","","","","","",
"El mundo árabe","ARB","Calificación de calidad de la administración pública de la CPIA (1=bajo a 6=alto)","IQ.CPA.PADM.XQ","","","","","","","","","","","","","","","","","","","","","","","","","","","","","","","","","","","","","","","","","","","","","","2.6","2.6","2.6","2.6","2.7","2.7","2.6","2.6","2.6","2.6","2.5","2.4","2.33333333333333","2.4","2.33333333333333","2.25","",
"Emiratos Árabes Unidos","ARE","Calificación de calidad de la administración pública de la CPIA (1=bajo a 6=alto)","IQ.CPA.PADM.XQ","","","","","","","","","","","","","","","","","","","","","","","","","","","","","","","","","","","","","","","","","","","","","","","","","","","","","","","","","","","","","","",
"Argentina","ARG","Calificación de calidad de la administración pública de la CPIA (1=bajo a 6=alto)","IQ.CPA.PADM.XQ","","","","","","","","","","","","","","","","","","","","","","","","","","","","","","","","","","","","","","","","","","","","","","","","","","","","","","","","","","","","","","",
"Armenia","ARM","Calificación de calidad de la administración pública de la CPIA (1=bajo a 6=alto)","IQ.CPA.PADM.XQ","","","","","","","","","","","","","","","","","","","","","","","","","","","","","","","","","","","","","","","","","","","","","","4","4","4","4","4","4","3.5","3.5","3.5","","","","","","","","",
"Samoa Americana","ASM","Calificación de calidad de la administración pública de la CPIA (1=bajo a 6=alto)","IQ.CPA.PADM.XQ","","","","","","","","","","","","","","","","","","","","","","","","","","","","","","","","","","","","","","","","","","","","","","","","","","","","","","","","","","","","","","",
"Antigua y Barbuda","ATG","Calificación de calidad de la administración pública de la CPIA (1=bajo a 6=alto)","IQ.CPA.PADM.XQ","","","","","","","","","","","","","","","","","","","","","","","","","","","","","","","","","","","","","","","","","","","","","","","","","","","","","","","","","","","","","","",
"Australia","AUS","Calificación de calidad de la administración pública de la CPIA (1=bajo a 6=alto)","IQ.CPA.PADM.XQ","","","","","","","","","","","","","","","","","","","","","","","","","","","","","","","","","","","","","","","","","","","","","","","","","","","","","","","","","","","","","","",
"Austria","AUT","Calificación de calidad de la administración pública de la CPIA (1=bajo a 6=alto)","IQ.CPA.PADM.XQ","","","","","","","","","","","","","","","","","","","","","","","","","","","","","","","","","","","","","","","","","","","","","","","","","","","","","","","","","","","","","","",
"Azerbaiyán","AZE","Calificación de calidad de la administración pública de la CPIA (1=bajo a 6=alto)","IQ.CPA.PADM.XQ","","","","","","","","","","","","","","","","","","","","","","","","","","","","","","","","","","","","","","","","","","","","","","3","3","3","3","3","3","","","","","","","","","","","",
"Burundi","BDI","Calificación de calidad de la administración pública de la CPIA (1=bajo a 6=alto)","IQ.CPA.PADM.XQ","","","","","","","","","","","","","","","","","","","","","","","","","","","","","","","","","","","","","","","","","","","","","","2.5","2.5","2.5","2.5","2.5","2.5","2.5","2.5","2.5","2.5","2.5","2.5","2.5","2.5","2.5","2.5","",
"Bélgica","BEL","Calificación de calidad de la administración pública de la CPIA (1=bajo a 6=alto)","IQ.CPA.PADM.XQ","","","","","","","","","","","","","","","","","","","","","","","","","","","","","","","","","","","","","","","","","","","","","","","","","","","","","","","","","","","","","","",
"Benin","BEN","Calificación de calidad de la administración pública de la CPIA (1=bajo a 6=alto)","IQ.CPA.PADM.XQ","","","","","","","","","","","","","","","","","","","","","","","","","","","","","","","","","","","","","","","","","","","","","","3","3","3","3","3","3","3","3","3","3","3","3","3","3","3","3","",
"Burkina Faso","BFA","Calificación de calidad de la administración pública de la CPIA (1=bajo a 6=alto)","IQ.CPA.PADM.XQ","","","","","","","","","","","","","","","","","","","","","","","","","","","","","","","","","","","","","","","","","","","","","","3.5","3.5","3.5","3.5","3.5","3.5","3.5","3.5","3.5","3.5","3.5","3.5","3.5","3.5","3","3","",
"Bangladesh","BGD","Calificación de calidad de la administración pública de la CPIA (1=bajo a 6=alto)","IQ.CPA.PADM.XQ","","","","","","","","","","","","","","","","","","","","","","","","","","","","","","","","","","","","","","","","","","","","","","3","3","3","3","3","3","3","3","3","3","3","3","2.5","2.5","2.5","2","",
"Bulgaria","BGR","Calificación de calidad de la administración pública de la CPIA (1=bajo a 6=alto)","IQ.CPA.PADM.XQ","","","","","","","","","","","","","","","","","","","","","","","","","","","","","","","","","","","","","","","","","","","","","","","","","","","","","","","","","","","","","","",
"Bahrein","BHR","Calificación de calidad de la administración pública de la CPIA (1=bajo a 6=alto)","IQ.CPA.PADM.XQ","","","","","","","","","","","","","","","","","","","","","","","","","","","","","","","","","","","","","","","","","","","","","","","","","","","","","","","","","","","","","","",
"Bahamas","BHS","Calificación de calidad de la administración pública de la CPIA (1=bajo a 6=alto)","IQ.CPA.PADM.XQ","","","","","","","","","","","","","","","","","","","","","","","","","","","","","","","","","","","","","","","","","","","","","","","","","","","","","","","","","","","","","","",
"Bosnia y Herzegovina","BIH","Calificación de calidad de la administración pública de la CPIA (1=bajo a 6=alto)","IQ.CPA.PADM.XQ","","","","","","","","","","","","","","","","","","","","","","","","","","","","","","","","","","","","","","","","","","","","","","3","3","3","3","3","3","3","3","3","","","","","","","","",
"Belarús","BLR","Calificación de calidad de la administración pública de la CPIA (1=bajo a 6=alto)","IQ.CPA.PADM.XQ","","","","","","","","","","","","","","","","","","","","","","","","","","","","","","","","","","","","","","","","","","","","","","","","","","","","","","","","","","","","","","",
"Belice","BLZ","Calificación de calidad de la administración pública de la CPIA (1=bajo a 6=alto)","IQ.CPA.PADM.XQ","","","","","","","","","","","","","","","","","","","","","","","","","","","","","","","","","","","","","","","","","","","","","","","","","","","","","","","","","","","","","","",
"Bermudas","BMU","Calificación de calidad de la administración pública de la CPIA (1=bajo a 6=alto)","IQ.CPA.PADM.XQ","","","","","","","","","","","","","","","","","","","","","","","","","","","","","","","","","","","","","","","","","","","","","","","","","","","","","","","","","","","","","","",
"Bolivia","BOL","Calificación de calidad de la administración pública de la CPIA (1=bajo a 6=alto)","IQ.CPA.PADM.XQ","","","","","","","","","","","","","","","","","","","","","","","","","","","","","","","","","","","","","","","","","","","","","","3.5","3","3","3","3","3","3","3","3","3","3","","","","","","",
"Brasil","BRA","Calificación de calidad de la administración pública de la CPIA (1=bajo a 6=alto)","IQ.CPA.PADM.XQ","","","","","","","","","","","","","","","","","","","","","","","","","","","","","","","","","","","","","","","","","","","","","","","","","","","","","","","","","","","","","","",
"Barbados","BRB","Calificación de calidad de la administración pública de la CPIA (1=bajo a 6=alto)","IQ.CPA.PADM.XQ","","","","","","","","","","","","","","","","","","","","","","","","","","","","","","","","","","","","","","","","","","","","","","","","","","","","","","","","","","","","","","",
"Brunei Darussalam","BRN","Calificación de calidad de la administración pública de la CPIA (1=bajo a 6=alto)","IQ.CPA.PADM.XQ","","","","","","","","","","","","","","","","","","","","","","","","","","","","","","","","","","","","","","","","","","","","","","","","","","","","","","","","","","","","","","",
"Bhután","BTN","Calificación de calidad de la administración pública de la CPIA (1=bajo a 6=alto)","IQ.CPA.PADM.XQ","","","","","","","","","","","","","","","","","","","","","","","","","","","","","","","","","","","","","","","","","","","","","","4","4","4","4","4","4","4","4","4","4","4","4","4","4","4","4","",
"Botswana","BWA","Calificación de calidad de la administración pública de la CPIA (1=bajo a 6=alto)","IQ.CPA.PADM.XQ","","","","","","","","","","","","","","","","","","","","","","","","","","","","","","","","","","","","","","","","","","","","","","","","","","","","","","","","","","","","","","",
"República Centroafricana","CAF","Calificación de calidad de la administración pública de la CPIA (1=bajo a 6=alto)","IQ.CPA.PADM.XQ","","","","","","","","","","","","","","","","","","","","","","","","","","","","","","","","","","","","","","","","","","","","","","2","2","2.5","2.5","2.5","2.5","2.5","2.5","2","2","2","2.5","2.5","2.5","2.5","2.5","",
"Canadá","CAN","Calificación de calidad de la administración pública de la CPIA (1=bajo a 6=alto)","IQ.CPA.PADM.XQ","","","","","","","","","","","","","","","","","","","","","","","","","","","","","","","","","","","","","","","","","","","","","","","","","","","","","","","","","","","","","","",
"Europa Central y del Báltico","CEB","Calificación de calidad de la administración pública de la CPIA (1=bajo a 6=alto)","IQ.CPA.PADM.XQ","","","","","","","","","","","","","","","","","","","","","","","","","","","","","","","","","","","","","","","","","","","","","","","","","","","","","","","","","","","","","","",
"Suiza","CHE","Calificación de calidad de la administración pública de la CPIA (1=bajo a 6=alto)","IQ.CPA.PADM.XQ","","","","","","","","","","","","","","","","","","","","","","","","","","","","","","","","","","","","","","","","","","","","","","","","","","","","","","","","","","","","","","",
"Islas del Canal","CHI","Calificación de calidad de la administración pública de la CPIA (1=bajo a 6=alto)","IQ.CPA.PADM.XQ","","","","","","","","","","","","","","","","","","","","","","","","","","","","","","","","","","","","","","","","","","","","","","","","","","","","","","","","","","","","","","",
"Chile","CHL","Calificación de calidad de la administración pública de la CPIA (1=bajo a 6=alto)","IQ.CPA.PADM.XQ","","","","","","","","","","","","","","","","","","","","","","","","","","","","","","","","","","","","","","","","","","","","","","","","","","","","","","","","","","","","","","",
"China","CHN","Calificación de calidad de la administración pública de la CPIA (1=bajo a 6=alto)","IQ.CPA.PADM.XQ","","","","","","","","","","","","","","","","","","","","","","","","","","","","","","","","","","","","","","","","","","","","","","","","","","","","","","","","","","","","","","",
"Côte d'Ivoire","CIV","Calificación de calidad de la administración pública de la CPIA (1=bajo a 6=alto)","IQ.CPA.PADM.XQ","","","","","","","","","","","","","","","","","","","","","","","","","","","","","","","","","","","","","","","","","","","","","","2","2","2","2","2","2","2.5","2.5","2.5","3","3","3","3","3","3","3","",
"Camerún","CMR","Calificación de calidad de la administración pública de la CPIA (1=bajo a 6=alto)","IQ.CPA.PADM.XQ","","","","","","","","","","","","","","","","","","","","","","","","","","","","","","","","","","","","","","","","","","","","","","3","3","3","3","3","3","3","3","3","3","3","3","3","3","3","3","",
"Congo, República Democrática del","COD","Calificación de calidad de la administración pública de la CPIA (1=bajo a 6=alto)","IQ.CPA.PADM.XQ","","","","","","","","","","","","","","","","","","","","","","","","","","","","","","","","","","","","","","","","","","","","","","2.5","2.5","2.5","2","2","2","2","2","2.5","2.5","2.5","2.5","2.5","3","3","3","",
"Congo, República del","COG","Calificación de calidad de la administración pública de la CPIA (1=bajo a 6=alto)","IQ.CPA.PADM.XQ","","","","","","","","","","","","","","","","","","","","","","","","","","","","","","","","","","","","","","","","","","","","","","2.5","2.5","2.5","2.5","2.5","2.5","2.5","2.5","2.5","2.5","2.5","2.5","2.5","2.5","3","2.5","",
"Colombia","COL","Calificación de calidad de la administración pública de la CPIA (1=bajo a 6=alto)","IQ.CPA.PADM.XQ","","","","","","","","","","","","","","","","","","","","","","","","","","","","","","","","","","","","","","","","","","","","","","","","","","","","","","","","","","","","","","",
"Comoras","COM","Calificación de calidad de la administración pública de la CPIA (1=bajo a 6=alto)","IQ.CPA.PADM.XQ","","","","","","","","","","","","","","","","","","","","","","","","","","","","","","","","","","","","","","","","","","","","","","2","2","2","2","2.5","2.5","2.5","2.5","2.5","2.5","2.5","2.5","2.5","2.5","2","2","",
"Cabo Verde","CPV","Calificación de calidad de la administración pública de la CPIA (1=bajo a 6=alto)","IQ.CPA.PADM.XQ","","","","","","","","","","","","","","","","","","","","","","","","","","","","","","","","","","","","","","","","","","","","","","4","4","4","4","4","4","4","4","4","4","4","4","4","4","4","4","",
"Costa Rica","CRI","Calificación de calidad de la administración pública de la CPIA (1=bajo a 6=alto)","IQ.CPA.PADM.XQ","","","","","","","","","","","","","","","","","","","","","","","","","","","","","","","","","","","","","","","","","","","","","","","","","","","","","","","","","","","","","","",
"Estados pequeos del Caribe","CSS","Calificación de calidad de la administración pública de la CPIA (1=bajo a 6=alto)","IQ.CPA.PADM.XQ","","","","","","","","","","","","","","","","","","","","","","","","","","","","","","","","","","","","","","","","","","","","","","3.3","3.3","3.3","3.3","3.3","3.3","3.3","3.3","3.3","3.3","3.3","3.3","3.3","3.4","3.4","3.4","",
"Cuba","CUB","Calificación de calidad de la administración pública de la CPIA (1=bajo a 6=alto)","IQ.CPA.PADM.XQ","","","","","","","","","","","","","","","","","","","","","","","","","","","","","","","","","","","","","","","","","","","","","","","","","","","","","","","","","","","","","","",
"Curacao","CUW","Calificación de calidad de la administración pública de la CPIA (1=bajo a 6=alto)","IQ.CPA.PADM.XQ","","","","","","","","","","","","","","","","","","","","","","","","","","","","","","","","","","","","","","","","","","","","","","","","","","","","","","","","","","","","","","",
"Islas Caimán","CYM","Calificación de calidad de la administración pública de la CPIA (1=bajo a 6=alto)","IQ.CPA.PADM.XQ","","","","","","","","","","","","","","","","","","","","","","","","","","","","","","","","","","","","","","","","","","","","","","","","","","","","","","","","","","","","","","",
"Chipre","CYP","Calificación de calidad de la administración pública de la CPIA (1=bajo a 6=alto)","IQ.CPA.PADM.XQ","","","","","","","","","","","","","","","","","","","","","","","","","","","","","","","","","","","","","","","","","","","","","","","","","","","","","","","","","","","","","","",
"República Checa","CZE","Calificación de calidad de la administración pública de la CPIA (1=bajo a 6=alto)","IQ.CPA.PADM.XQ","","","","","","","","","","","","","","","","","","","","","","","","","","","","","","","","","","","","","","","","","","","","","","","","","","","","","","","","","","","","","","",
"Alemania","DEU","Calificación de calidad de la administración pública de la CPIA (1=bajo a 6=alto)","IQ.CPA.PADM.XQ","","","","","","","","","","","","","","","","","","","","","","","","","","","","","","","","","","","","","","","","","","","","","","","","","","","","","","","","","","","","","","",
"Djibouti","DJI","Calificación de calidad de la administración pública de la CPIA (1=bajo a 6=alto)","IQ.CPA.PADM.XQ","","","","","","","","","","","","","","","","","","","","","","","","","","","","","","","","","","","","","","","","","","","","","","2.5","2.5","2.5","2.5","2.5","2.5","2.5","2.5","2.5","2.5","2.5","2.5","2.5","3","3.5","3.5","",
"Dominica","DMA","Calificación de calidad de la administración pública de la CPIA (1=bajo a 6=alto)","IQ.CPA.PADM.XQ","","","","","","","","","","","","","","","","","","","","","","","","","","","","","","","","","","","","","","","","","","","","","","3.5","3.5","3.5","3.5","3.5","3.5","3.5","3.5","3.5","3.5","3.5","3.5","3.5","3.5","3.5","3.5","",
"Dinamarca","DNK","Calificación de calidad de la administración pública de la CPIA (1=bajo a 6=alto)","IQ.CPA.PADM.XQ","","","","","","","","","","","","","","","","","","","","","","","","","","","","","","","","","","","","","","","","","","","","","","","","","","","","","","","","","","","","","","",
"República Dominicana","DOM","Calificación de calidad de la administración pública de la CPIA (1=bajo a 6=alto)","IQ.CPA.PADM.XQ","","","","","","","","","","","","","","","","","","","","","","","","","","","","","","","","","","","","","","","","","","","","","","","","","","","","","","","","","","","","","","",
"Argelia","DZA","Calificación de calidad de la administración pública de la CPIA (1=bajo a 6=alto)","IQ.CPA.PADM.XQ","","","","","","","","","","","","","","","","","","","","","","","","","","","","","","","","","","","","","","","","","","","","","","","","","","","","","","","","","","","","","","",
"Asia oriental y el Pacífico (excluido altos ingresos)","EAP","Calificación de calidad de la administración pública de la CPIA (1=bajo a 6=alto)","IQ.CPA.PADM.XQ","","","","","","","","","","","","","","","","","","","","","","","","","","","","","","","","","","","","","","","","","","","","","","2.95454545454545","2.91666666666667","2.90909090909091","3","3","3.04545454545455","2.88461538461538","2.85714285714286","2.83333333333333","3","2.83333333333333","2.75","2.75","2.75","2.71428571428571","2.71428571428571","",
"inicial del dividendo demográfico","EAR","Calificación de calidad de la administración pública de la CPIA (1=bajo a 6=alto)","IQ.CPA.PADM.XQ","","","","","","","","","","","","","","","","","","","","","","","","","","","","","","","","","","","","","","","","","","","","","","3.06666666666667","3.03333333333333","3.01724137931034","3.05172413793103","3.06896551724138","3.13793103448276","3.1","3.08333333333333","3.04838709677419","3.08333333333333","3.05","3.01724137931034","3","3.03448275862069","3","2.98275862068966","",
"Asia oriental y el Pacífico","EAS","Calificación de calidad de la administración pública de la CPIA (1=bajo a 6=alto)","IQ.CPA.PADM.XQ","","","","","","","","","","","","","","","","","","","","","","","","","","","","","","","","","","","","","","","","","","","","","","2.95454545454545","2.91666666666667","2.90909090909091","3","3","3.04545454545455","2.88461538461538","2.85714285714286","2.83333333333333","3","2.83333333333333","2.75","2.75","2.75","2.71428571428571","2.71428571428571","",
"Europa y Asia central (excluido altos ingresos)","ECA","Calificación de calidad de la administración pública de la CPIA (1=bajo a 6=alto)","IQ.CPA.PADM.XQ","","","","","","","","","","","","","","","","","","","","","","","","","","","","","","","","","","","","","","","","","","","","","","3.1","3","3.0625","3.25","3.16666666666667","3.16666666666667","3.125","3.1875","3.25","3.1","3.1","3.1","3.1","3.1","3","3","",
"Europa y Asia central","ECS","Calificación de calidad de la administración pública de la CPIA (1=bajo a 6=alto)","IQ.CPA.PADM.XQ","","","","","","","","","","","","","","","","","","","","","","","","","","","","","","","","","","","","","","","","","","","","","","3.1","3","3.0625","3.25","3.16666666666667","3.16666666666667","3.125","3.1875","3.25","3.1","3.1","3.1","3.1","3.1","3","3","",
"Ecuador","ECU","Calificación de calidad de la administración pública de la CPIA (1=bajo a 6=alto)","IQ.CPA.PADM.XQ","","","","","","","","","","","","","","","","","","","","","","","","","","","","","","","","","","","","","","","","","","","","","","","","","","","","","","","","","","","","","","",
"Egipto, República Árabe de","EGY","Calificación de calidad de la administración pública de la CPIA (1=bajo a 6=alto)","IQ.CPA.PADM.XQ","","","","","","","","","","","","","","","","","","","","","","","","","","","","","","","","","","","","","","","","","","","","","","","","","","","","","","","","","","","","","","",
"Zona del Euro","EMU","Calificación de calidad de la administración pública de la CPIA (1=bajo a 6=alto)","IQ.CPA.PADM.XQ","","","","","","","","","","","","","","","","","","","","","","","","","","","","","","","","","","","","","","","","","","","","","","","","","","","","","","","","","","","","","","",
"Eritrea","ERI","Calificación de calidad de la administración pública de la CPIA (1=bajo a 6=alto)","IQ.CPA.PADM.XQ","","","","","","","","","","","","","","","","","","","","","","","","","","","","","","","","","","","","","","","","","","","","","","3","3","3","3","3","3","3","3","3","3","2.5","2.5","2.5","2.5","2.5","2.5","",
"España","ESP","Calificación de calidad de la administración pública de la CPIA (1=bajo a 6=alto)","IQ.CPA.PADM.XQ","","","","","","","","","","","","","","","","","","","","","","","","","","","","","","","","","","","","","","","","","","","","","","","","","","","","","","","","","","","","","","",
"Estonia","EST","Calificación de calidad de la administración pública de la CPIA (1=bajo a 6=alto)","IQ.CPA.PADM.XQ","","","","","","","","","","","","","","","","","","","","","","","","","","","","","","","","","","","","","","","","","","","","","","","","","","","","","","","","","","","","","","",
"Etiopía","ETH","Calificación de calidad de la administración pública de la CPIA (1=bajo a 6=alto)","IQ.CPA.PADM.XQ","","","","","","","","","","","","","","","","","","","","","","","","","","","","","","","","","","","","","","","","","","","","","","3","3","3","3","3.5","3.5","3.5","3.5","3.5","3.5","3.5","3.5","3.5","4","4","4","",
"Unión Europea","EUU","Calificación de calidad de la administración pública de la CPIA (1=bajo a 6=alto)","IQ.CPA.PADM.XQ","","","","","","","","","","","","","","","","","","","","","","","","","","","","","","","","","","","","","","","","","","","","","","","","","","","","","","","","","","","","","","",
"Frágiles y situaciones de conflicto afectados","FCS","Calificación de calidad de la administración pública de la CPIA (1=bajo a 6=alto)","IQ.CPA.PADM.XQ","","","","","","","","","","","","","","","","","","","","","","","","","","","","","","","","","","","","","","","","","","","","","","2.72916666666667","2.67307692307692","2.69230769230769","2.65384615384615","2.7037037037037","2.74074074074074","2.67857142857143","2.63333333333333","2.61290322580645","2.75","2.56666666666667","2.55","2.5","2.53333333333333","2.5","2.48387096774194","",
"Finlandia","FIN","Calificación de calidad de la administración pública de la CPIA (1=bajo a 6=alto)","IQ.CPA.PADM.XQ","","","","","","","","","","","","","","","","","","","","","","","","","","","","","","","","","","","","","","","","","","","","","","","","","","","","","","","","","","","","","","",
"Fiji","FJI","Calificación de calidad de la administración pública de la CPIA (1=bajo a 6=alto)","IQ.CPA.PADM.XQ","","","","","","","","","","","","","","","","","","","","","","","","","","","","","","","","","","","","","","","","","","","","","","","","","","","","","","","","","","","","","3.5","",
"Francia","FRA","Calificación de calidad de la administración pública de la CPIA (1=bajo a 6=alto)","IQ.CPA.PADM.XQ","","","","","","","","","","","","","","","","","","","","","","","","","","","","","","","","","","","","","","","","","","","","","","","","","","","","","","","","","","","","","","",
"Islas Feroe","FRO","Calificación de calidad de la administración pública de la CPIA (1=bajo a 6=alto)","IQ.CPA.PADM.XQ","","","","","","","","","","","","","","","","","","","","","","","","","","","","","","","","","","","","","","","","","","","","","","","","","","","","","","","","","","","","","","",
"Micronesia (Estados Federados de)","FSM","Calificación de calidad de la administración pública de la CPIA (1=bajo a 6=alto)","IQ.CPA.PADM.XQ","","","","","","","","","","","","","","","","","","","","","","","","","","","","","","","","","","","","","","","","","","","","","","","","","","","","2.5","2.5","2.5","3","2.5","2.5","2.5","2.5","2.5","2.5","",
"Gabón","GAB","Calificación de calidad de la administración pública de la CPIA (1=bajo a 6=alto)","IQ.CPA.PADM.XQ","","","","","","","","","","","","","","","","","","","","","","","","","","","","","","","","","","","","","","","","","","","","","","","","","","","","","","","","","","","","","","",
"Reino Unido","GBR","Calificación de calidad de la administración pública de la CPIA (1=bajo a 6=alto)","IQ.CPA.PADM.XQ","","","","","","","","","","","","","","","","","","","","","","","","","","","","","","","","","","","","","","","","","","","","","","","","","","","","","","","","","","","","","","",
"Georgia","GEO","Calificación de calidad de la administración pública de la CPIA (1=bajo a 6=alto)","IQ.CPA.PADM.XQ","","","","","","","","","","","","","","","","","","","","","","","","","","","","","","","","","","","","","","","","","","","","","","3.5","3.5","3.5","4","4","4","3.5","4","4","","","","","","","","",
"Ghana","GHA","Calificación de calidad de la administración pública de la CPIA (1=bajo a 6=alto)","IQ.CPA.PADM.XQ","","","","","","","","","","","","","","","","","","","","","","","","","","","","","","","","","","","","","","","","","","","","","","3.5","3.5","3.5","3.5","3.5","3.5","3.5","3.5","3.5","3.5","3.5","3.5","3.5","3.5","3.5","3.5","",
"Gibraltar","GIB","Calificación de calidad de la administración pública de la CPIA (1=bajo a 6=alto)","IQ.CPA.PADM.XQ","","","","","","","","","","","","","","","","","","","","","","","","","","","","","","","","","","","","","","","","","","","","","","","","","","","","","","","","","","","","","","",
"Guinea","GIN","Calificación de calidad de la administración pública de la CPIA (1=bajo a 6=alto)","IQ.CPA.PADM.XQ","","","","","","","","","","","","","","","","","","","","","","","","","","","","","","","","","","","","","","","","","","","","","","3","3","3","3","3","3","3","3","3","3","3","3","3","3","3","3","",
"Gambia","GMB","Calificación de calidad de la administración pública de la CPIA (1=bajo a 6=alto)","IQ.CPA.PADM.XQ","","","","","","","","","","","","","","","","","","","","","","","","","","","","","","","","","","","","","","","","","","","","","","3","3","3","3","3","3","3.5","3","3","3","3","3","3","3","3","3","",
"Guinea-Bissau","GNB","Calificación de calidad de la administración pública de la CPIA (1=bajo a 6=alto)","IQ.CPA.PADM.XQ","","","","","","","","","","","","","","","","","","","","","","","","","","","","","","","","","","","","","","","","","","","","","","2.5","2.5","2.5","2.5","2.5","2.5","2.5","2.5","2.5","2.5","2.5","2.5","2","2","2","2","",
"Guinea Ecuatorial","GNQ","Calificación de calidad de la administración pública de la CPIA (1=bajo a 6=alto)","IQ.CPA.PADM.XQ","","","","","","","","","","","","","","","","","","","","","","","","","","","","","","","","","","","","","","","","","","","","","","","","","","","","","","","","","","","","","","",
"Grecia","GRC","Calificación de calidad de la administración pública de la CPIA (1=bajo a 6=alto)","IQ.CPA.PADM.XQ","","","","","","","","","","","","","","","","","","","","","","","","","","","","","","","","","","","","","","","","","","","","","","","","","","","","","","","","","","","","","","",
"Granada","GRD","Calificación de calidad de la administración pública de la CPIA (1=bajo a 6=alto)","IQ.CPA.PADM.XQ","","","","","","","","","","","","","","","","","","","","","","","","","","","","","","","","","","","","","","","","","","","","","","3.5","3.5","3.5","3.5","3.5","3.5","3.5","3.5","3.5","3.5","3.5","3.5","3.5","3.5","3.5","3.5","",
"Groenlandia","GRL","Calificación de calidad de la administración pública de la CPIA (1=bajo a 6=alto)","IQ.CPA.PADM.XQ","","","","","","","","","","","","","","","","","","","","","","","","","","","","","","","","","","","","","","","","","","","","","","","","","","","","","","","","","","","","","","",
"Guatemala","GTM","Calificación de calidad de la administración pública de la CPIA (1=bajo a 6=alto)","IQ.CPA.PADM.XQ","","","","","","","","","","","","","","","","","","","","","","","","","","","","","","","","","","","","","","","","","","","","","","","","","","","","","","","","","","","","","","",
"Guam","GUM","Calificación de calidad de la administración pública de la CPIA (1=bajo a 6=alto)","IQ.CPA.PADM.XQ","","","","","","","","","","","","","","","","","","","","","","","","","","","","","","","","","","","","","","","","","","","","","","","","","","","","","","","","","","","","","","",
"Guyana","GUY","Calificación de calidad de la administración pública de la CPIA (1=bajo a 6=alto)","IQ.CPA.PADM.XQ","","","","","","","","","","","","","","","","","","","","","","","","","","","","","","","","","","","","","","","","","","","","","","2.5","2.5","2.5","2.5","2.5","2.5","2.5","2.5","2.5","2.5","2.5","2.5","2.5","3","3","3","",
"Ingreso alto","HIC","Calificación de calidad de la administración pública de la CPIA (1=bajo a 6=alto)","IQ.CPA.PADM.XQ","","","","","","","","","","","","","","","","","","","","","","","","","","","","","","","","","","","","","","","","","","","","","","","","","","","","","","","","","","","","","","",
"Hong Kong, Región Administrativa Especial","HKG","Calificación de calidad de la administración pública de la CPIA (1=bajo a 6=alto)","IQ.CPA.PADM.XQ","","","","","","","","","","","","","","","","","","","","","","","","","","","","","","","","","","","","","","","","","","","","","","","","","","","","","","","","","","","","","","",
"Honduras","HND","Calificación de calidad de la administración pública de la CPIA (1=bajo a 6=alto)","IQ.CPA.PADM.XQ","","","","","","","","","","","","","","","","","","","","","","","","","","","","","","","","","","","","","","","","","","","","","","3","3","3","3","2.5","3","3","2.5","2.5","2.5","3","3","3","3","3","3","",
"Países pobres muy endeudados (PPME)","HPC","Calificación de calidad de la administración pública de la CPIA (1=bajo a 6=alto)","IQ.CPA.PADM.XQ","","","","","","","","","","","","","","","","","","","","","","","","","","","","","","","","","","","","","","","","","","","","","","2.90277777777778","2.85135135135135","2.86486486486486","2.83783783783784","2.85526315789474","2.86842105263158","2.85526315789474","2.81578947368421","2.81578947368421","2.81578947368421","2.81578947368421","2.85135135135135","2.81578947368421","2.86486486486486","2.84210526315789","2.82894736842105","",
"Croacia","HRV","Calificación de calidad de la administración pública de la CPIA (1=bajo a 6=alto)","IQ.CPA.PADM.XQ","","","","","","","","","","","","","","","","","","","","","","","","","","","","","","","","","","","","","","","","","","","","","","","","","","","","","","","","","","","","","","",
"Haití","HTI","Calificación de calidad de la administración pública de la CPIA (1=bajo a 6=alto)","IQ.CPA.PADM.XQ","","","","","","","","","","","","","","","","","","","","","","","","","","","","","","","","","","","","","","","","","","","","","","2.5","2.5","2.5","2.5","2.5","2.5","2.5","2.5","2.5","2.5","2.5","2.5","2.5","2.5","2.5","2.5","",
"Hungría","HUN","Calificación de calidad de la administración pública de la CPIA (1=bajo a 6=alto)","IQ.CPA.PADM.XQ","","","","","","","","","","","","","","","","","","","","","","","","","","","","","","","","","","","","","","","","","","","","","","","","","","","","","","","","","","","","","","",
"Sólo BIRF","IBD","Calificación de calidad de la administración pública de la CPIA (1=bajo a 6=alto)","IQ.CPA.PADM.XQ","","","","","","","","","","","","","","","","","","","","","","","","","","","","","","","","","","","","","","","","","","","","","","3.32142857142857","3.21428571428571","3.22727272727273","3.31818181818182","3.27272727272727","3.27272727272727","3.15","3.2","3.25","3.1","3.3","3.25","3.25","3.25","3.33333333333333","","",
"BIRF y la AIF","IBT","Calificación de calidad de la administración pública de la CPIA (1=bajo a 6=alto)","IQ.CPA.PADM.XQ","","","","","","","","","","","","","","","","","","","","","","","","","","","","","","","","","","","","","","","","","","","","","","3.00657894736842","2.96794871794872","2.98","2.99333333333333","2.99350649350649","3.01298701298701","2.96794871794872","2.9375","2.92592592592593","2.94736842105263","2.90789473684211","2.89041095890411","2.85810810810811","2.88356164383562","2.86666666666667","2.84246575342466","",
"total de la AIF","IDA","Calificación de calidad de la administración pública de la CPIA (1=bajo a 6=alto)","IQ.CPA.PADM.XQ","","","","","","","","","","","","","","","","","","","","","","","","","","","","","","","","","","","","","","","","","","","","","","2.93548387096774","2.9140625","2.9375","2.9375","2.9469696969697","2.96969696969697","2.94117647058824","2.9","2.88028169014085","2.93661971830986","2.88028169014085","2.88028169014085","2.84722222222222","2.87323943661972","2.84722222222222","2.84246575342466","",
"mezcla de la AIF","IDB","Calificación de calidad de la administración pública de la CPIA (1=bajo a 6=alto)","IQ.CPA.PADM.XQ","","","","","","","","","","","","","","","","","","","","","","","","","","","","","","","","","","","","","","","","","","","","","","3.07692307692308","3.03571428571429","3.03571428571429","3.03571428571429","3.07142857142857","3.14285714285714","3.10714285714286","3.10714285714286","3.07142857142857","3.17857142857143","3.10714285714286","3.07142857142857","3.07142857142857","3.07142857142857","3.10714285714286","3.1","",
"Indonesia","IDN","Calificación de calidad de la administración pública de la CPIA (1=bajo a 6=alto)","IQ.CPA.PADM.XQ","","","","","","","","","","","","","","","","","","","","","","","","","","","","","","","","","","","","","","","","","","","","","","3.5","3.5","","","","","","","","","","","","","","","",
"Sólo AIF","IDX","Calificación de calidad de la administración pública de la CPIA (1=bajo a 6=alto)","IQ.CPA.PADM.XQ","","","","","","","","","","","","","","","","","","","","","","","","","","","","","","","","","","","","","","","","","","","","","","2.89795918367347","2.88","2.91","2.91","2.91346153846154","2.92307692307692","2.89814814814815","2.84821428571429","2.83333333333333","2.87719298245614","2.82456140350877","2.83333333333333","2.79310344827586","2.82456140350877","2.78448275862069","2.77586206896552","",
"Isla de Man","IMN","Calificación de calidad de la administración pública de la CPIA (1=bajo a 6=alto)","IQ.CPA.PADM.XQ","","","","","","","","","","","","","","","","","","","","","","","","","","","","","","","","","","","","","","","","","","","","","","","","","","","","","","","","","","","","","","",
"India","IND","Calificación de calidad de la administración pública de la CPIA (1=bajo a 6=alto)","IQ.CPA.PADM.XQ","","","","","","","","","","","","","","","","","","","","","","","","","","","","","","","","","","","","","","","","","","","","","","3.5","3.5","3.5","3.5","3.5","3.5","3.5","3.5","3.5","","","","","","","","",
"No clasificado","INX","Calificación de calidad de la administración pública de la CPIA (1=bajo a 6=alto)","IQ.CPA.PADM.XQ","","","","","","","","","","","","","","","","","","","","","","","","","","","","","","","","","","","","","","","","","","","","","","","","","","","","","","","","","","","","","","",
"Irlanda","IRL","Calificación de calidad de la administración pública de la CPIA (1=bajo a 6=alto)","IQ.CPA.PADM.XQ","","","","","","","","","","","","","","","","","","","","","","","","","","","","","","","","","","","","","","","","","","","","","","","","","","","","","","","","","","","","","","",
"Irán, República Islámica del","IRN","Calificación de calidad de la administración pública de la CPIA (1=bajo a 6=alto)","IQ.CPA.PADM.XQ","","","","","","","","","","","","","","","","","","","","","","","","","","","","","","","","","","","","","","","","","","","","","","","","","","","","","","","","","","","","","","",
"Iraq","IRQ","Calificación de calidad de la administración pública de la CPIA (1=bajo a 6=alto)","IQ.CPA.PADM.XQ","","","","","","","","","","","","","","","","","","","","","","","","","","","","","","","","","","","","","","","","","","","","","","","","","","","","","","","","","","","","","","",
"Islandia","ISL","Calificación de calidad de la administración pública de la CPIA (1=bajo a 6=alto)","IQ.CPA.PADM.XQ","","","","","","","","","","","","","","","","","","","","","","","","","","","","","","","","","","","","","","","","","","","","","","","","","","","","","","","","","","","","","","",
"Israel","ISR","Calificación de calidad de la administración pública de la CPIA (1=bajo a 6=alto)","IQ.CPA.PADM.XQ","","","","","","","","","","","","","","","","","","","","","","","","","","","","","","","","","","","","","","","","","","","","","","","","","","","","","","","","","","","","","","",
"Italia","ITA","Calificación de calidad de la administración pública de la CPIA (1=bajo a 6=alto)","IQ.CPA.PADM.XQ","","","","","","","","","","","","","","","","","","","","","","","","","","","","","","","","","","","","","","","","","","","","","","","","","","","","","","","","","","","","","","",
"Jamaica","JAM","Calificación de calidad de la administración pública de la CPIA (1=bajo a 6=alto)","IQ.CPA.PADM.XQ","","","","","","","","","","","","","","","","","","","","","","","","","","","","","","","","","","","","","","","","","","","","","","","","","","","","","","","","","","","","","","",
"Jordania","JOR","Calificación de calidad de la administración pública de la CPIA (1=bajo a 6=alto)","IQ.CPA.PADM.XQ","","","","","","","","","","","","","","","","","","","","","","","","","","","","","","","","","","","","","","","","","","","","","","","","","","","","","","","","","","","","","","",
"Japón","JPN","Calificación de calidad de la administración pública de la CPIA (1=bajo a 6=alto)","IQ.CPA.PADM.XQ","","","","","","","","","","","","","","","","","","","","","","","","","","","","","","","","","","","","","","","","","","","","","","","","","","","","","","","","","","","","","","",
"Kazajstán","KAZ","Calificación de calidad de la administración pública de la CPIA (1=bajo a 6=alto)","IQ.CPA.PADM.XQ","","","","","","","","","","","","","","","","","","","","","","","","","","","","","","","","","","","","","","","","","","","","","","","","","","","","","","","","","","","","","","",
"Kenya","KEN","Calificación de calidad de la administración pública de la CPIA (1=bajo a 6=alto)","IQ.CPA.PADM.XQ","","","","","","","","","","","","","","","","","","","","","","","","","","","","","","","","","","","","","","","","","","","","","","3","3.5","3.5","3.5","3.5","3.5","3.5","3.5","3.5","3.5","3.5","3.5","3.5","3.5","3.5","3.5","",
"Kirguistán","KGZ","Calificación de calidad de la administración pública de la CPIA (1=bajo a 6=alto)","IQ.CPA.PADM.XQ","","","","","","","","","","","","","","","","","","","","","","","","","","","","","","","","","","","","","","","","","","","","","","2.5","2.5","3","3","3","3","3","3","3","3","3","3","3","3","3","3","",
"Camboya","KHM","Calificación de calidad de la administración pública de la CPIA (1=bajo a 6=alto)","IQ.CPA.PADM.XQ","","","","","","","","","","","","","","","","","","","","","","","","","","","","","","","","","","","","","","","","","","","","","","2.5","2.5","2.5","2.5","2.5","2.5","2.5","2.5","2.5","2.5","2.5","2.5","2.5","2.5","2.5","2.5","",
"Kiribati","KIR","Calificación de calidad de la administración pública de la CPIA (1=bajo a 6=alto)","IQ.CPA.PADM.XQ","","","","","","","","","","","","","","","","","","","","","","","","","","","","","","","","","","","","","","","","","","","","","","3","3","3","3","3","3","3","3","3","3","3","3","3","3","3","3","",
"Saint Kitts y Nevis","KNA","Calificación de calidad de la administración pública de la CPIA (1=bajo a 6=alto)","IQ.CPA.PADM.XQ","","","","","","","","","","","","","","","","","","","","","","","","","","","","","","","","","","","","","","","","","","","","","","","","","","","","","","","","","","","","","","",
"Corea, República de","KOR","Calificación de calidad de la administración pública de la CPIA (1=bajo a 6=alto)","IQ.CPA.PADM.XQ","","","","","","","","","","","","","","","","","","","","","","","","","","","","","","","","","","","","","","","","","","","","","","","","","","","","","","","","","","","","","","",
"Kuwait","KWT","Calificación de calidad de la administración pública de la CPIA (1=bajo a 6=alto)","IQ.CPA.PADM.XQ","","","","","","","","","","","","","","","","","","","","","","","","","","","","","","","","","","","","","","","","","","","","","","","","","","","","","","","","","","","","","","",
"América Latina y el Caribe (excluido altos ingresos)","LAC","Calificación de calidad de la administración pública de la CPIA (1=bajo a 6=alto)","IQ.CPA.PADM.XQ","","","","","","","","","","","","","","","","","","","","","","","","","","","","","","","","","","","","","","","","","","","","","","3.22222222222222","3.11111111111111","3.11111111111111","3.11111111111111","3.05555555555556","3.11111111111111","3.11111111111111","3.05555555555556","3.05555555555556","3.05555555555556","3.11111111111111","3.125","3.125","3.1875","3.1875","3.1875","",
"República Democrática Popular Lao","LAO","Calificación de calidad de la administración pública de la CPIA (1=bajo a 6=alto)","IQ.CPA.PADM.XQ","","","","","","","","","","","","","","","","","","","","","","","","","","","","","","","","","","","","","","","","","","","","","","2.5","3","3","3","3","3","3","3","3","3","3","3","3","3","2.5","2.5","",
"Líbano","LBN","Calificación de calidad de la administración pública de la CPIA (1=bajo a 6=alto)","IQ.CPA.PADM.XQ","","","","","","","","","","","","","","","","","","","","","","","","","","","","","","","","","","","","","","","","","","","","","","","","","","","","","","","","","","","","","","",
"Liberia","LBR","Calificación de calidad de la administración pública de la CPIA (1=bajo a 6=alto)","IQ.CPA.PADM.XQ","","","","","","","","","","","","","","","","","","","","","","","","","","","","","","","","","","","","","","","","","","","","","","","","","","2.5","2.5","2.5","2.5","2.5","2.5","2.5","2.5","2.5","2","2.5","3","",
"Libia","LBY","Calificación de calidad de la administración pública de la CPIA (1=bajo a 6=alto)","IQ.CPA.PADM.XQ","","","","","","","","","","","","","","","","","","","","","","","","","","","","","","","","","","","","","","","","","","","","","","","","","","","","","","","","","","","","","","",
"Santa Lucía","LCA","Calificación de calidad de la administración pública de la CPIA (1=bajo a 6=alto)","IQ.CPA.PADM.XQ","","","","","","","","","","","","","","","","","","","","","","","","","","","","","","","","","","","","","","","","","","","","","","3.5","3.5","3.5","3.5","3.5","3.5","3.5","3.5","3.5","3.5","3.5","3.5","3.5","3.5","3.5","3.5","",
"América Latina y el Caribe","LCN","Calificación de calidad de la administración pública de la CPIA (1=bajo a 6=alto)","IQ.CPA.PADM.XQ","","","","","","","","","","","","","","","","","","","","","","","","","","","","","","","","","","","","","","","","","","","","","","3.22222222222222","3.11111111111111","3.11111111111111","3.11111111111111","3.05555555555556","3.11111111111111","3.11111111111111","3.05555555555556","3.05555555555556","3.05555555555556","3.11111111111111","3.125","3.125","3.1875","3.1875","3.1875","",
"Países menos desarrollados: clasificación de las Naciones Unidas","LDC","Calificación de calidad de la administración pública de la CPIA (1=bajo a 6=alto)","IQ.CPA.PADM.XQ","","","","","","","","","","","","","","","","","","","","","","","","","","","","","","","","","","","","","","","","","","","","","","2.8625","2.8452380952381","2.85714285714286","2.8452380952381","2.87209302325581","2.87209302325581","2.82558139534884","2.77777777777778","2.77173913043478","2.84444444444444","2.75555555555556","2.76666666666667","2.71739130434783","2.74444444444444","2.69565217391304","2.68478260869565","",
"Países de ingreso bajo","LIC","Calificación de calidad de la administración pública de la CPIA (1=bajo a 6=alto)","IQ.CPA.PADM.XQ","","","","","","","","","","","","","","","","","","","","","","","","","","","","","","","","","","","","","","","","","","","","","","2.88095238095238","2.84090909090909","2.86363636363636","2.81818181818182","2.84782608695652","2.8695652173913","2.82608695652174","2.75","2.75","2.72916666666667","2.6875","2.6875","2.62","2.66666666666667","2.64","2.66","",
"Liechtenstein","LIE","Calificación de calidad de la administración pública de la CPIA (1=bajo a 6=alto)","IQ.CPA.PADM.XQ","","","","","","","","","","","","","","","","","","","","","","","","","","","","","","","","","","","","","","","","","","","","","","","","","","","","","","","","","","","","","","",
"Sri Lanka","LKA","Calificación de calidad de la administración pública de la CPIA (1=bajo a 6=alto)","IQ.CPA.PADM.XQ","","","","","","","","","","","","","","","","","","","","","","","","","","","","","","","","","","","","","","","","","","","","","","3","3","3","3","3","3","3","3","3","3","3","","","","3.5","","",
"Países de ingreso mediano bajo","LMC","Calificación de calidad de la administración pública de la CPIA (1=bajo a 6=alto)","IQ.CPA.PADM.XQ","","","","","","","","","","","","","","","","","","","","","","","","","","","","","","","","","","","","","","","","","","","","","","2.96341463414634","2.94047619047619","2.9390243902439","2.95121951219512","2.97560975609756","3","2.97619047619048","2.96428571428571","2.94186046511628","3","2.98780487804878","2.96052631578947","2.94736842105263","2.94736842105263","2.94871794871795","2.87837837837838","",
"Ingreso mediano y bajo","LMY","Calificación de calidad de la administración pública de la CPIA (1=bajo a 6=alto)","IQ.CPA.PADM.XQ","","","","","","","","","","","","","","","","","","","","","","","","","","","","","","","","","","","","","","","","","","","","","","3.00657894736842","2.96794871794872","2.98","2.99333333333333","2.99350649350649","3.01298701298701","2.96794871794872","2.9375","2.92592592592593","2.94736842105263","2.90789473684211","2.89041095890411","2.85810810810811","2.88356164383562","2.86666666666667","2.84246575342466","",
"Lesotho","LSO","Calificación de calidad de la administración pública de la CPIA (1=bajo a 6=alto)","IQ.CPA.PADM.XQ","","","","","","","","","","","","","","","","","","","","","","","","","","","","","","","","","","","","","","","","","","","","","","3","3","3","3","3","3","3","3","3","3","3","3","3","3","2.5","2.5","",
"avanzada del dividendo demográfico","LTE","Calificación de calidad de la administración pública de la CPIA (1=bajo a 6=alto)","IQ.CPA.PADM.XQ","","","","","","","","","","","","","","","","","","","","","","","","","","","","","","","","","","","","","","","","","","","","","","3.26923076923077","3.19230769230769","3.27272727272727","3.36363636363636","3.31818181818182","3.31818181818182","3.25","3.3","3.35","3.125","3.25","3.16666666666667","3.16666666666667","3.25","3.28571428571429","3.3","",
"Lituania","LTU","Calificación de calidad de la administración pública de la CPIA (1=bajo a 6=alto)","IQ.CPA.PADM.XQ","","","","","","","","","","","","","","","","","","","","","","","","","","","","","","","","","","","","","","","","","","","","","","","","","","","","","","","","","","","","","","",
"Luxemburgo","LUX","Calificación de calidad de la administración pública de la CPIA (1=bajo a 6=alto)","IQ.CPA.PADM.XQ","","","","","","","","","","","","","","","","","","","","","","","","","","","","","","","","","","","","","","","","","","","","","","","","","","","","","","","","","","","","","","",
"Letonia","LVA","Calificación de calidad de la administración pública de la CPIA (1=bajo a 6=alto)","IQ.CPA.PADM.XQ","","","","","","","","","","","","","","","","","","","","","","","","","","","","","","","","","","","","","","","","","","","","","","","","","","","","","","","","","","","","","","",
"Región Administrativa Especial de Macao, China","MAC","Calificación de calidad de la administración pública de la CPIA (1=bajo a 6=alto)","IQ.CPA.PADM.XQ","","","","","","","","","","","","","","","","","","","","","","","","","","","","","","","","","","","","","","","","","","","","","","","","","","","","","","","","","","","","","","",
"Isla de San Martín (parte francesa)","MAF","Calificación de calidad de la administración pública de la CPIA (1=bajo a 6=alto)","IQ.CPA.PADM.XQ","","","","","","","","","","","","","","","","","","","","","","","","","","","","","","","","","","","","","","","","","","","","","","","","","","","","","","","","","","","","","","",
"Marruecos","MAR","Calificación de calidad de la administración pública de la CPIA (1=bajo a 6=alto)","IQ.CPA.PADM.XQ","","","","","","","","","","","","","","","","","","","","","","","","","","","","","","","","","","","","","","","","","","","","","","","","","","","","","","","","","","","","","","",
"Mónaco","MCO","Calificación de calidad de la administración pública de la CPIA (1=bajo a 6=alto)","IQ.CPA.PADM.XQ","","","","","","","","","","","","","","","","","","","","","","","","","","","","","","","","","","","","","","","","","","","","","","","","","","","","","","","","","","","","","","",
"República de Moldova","MDA","Calificación de calidad de la administración pública de la CPIA (1=bajo a 6=alto)","IQ.CPA.PADM.XQ","","","","","","","","","","","","","","","","","","","","","","","","","","","","","","","","","","","","","","","","","","","","","","3","3","3","3.5","3","3","3","3","3.5","3.5","3.5","3.5","3.5","3.5","3","","",
"Madagascar","MDG","Calificación de calidad de la administración pública de la CPIA (1=bajo a 6=alto)","IQ.CPA.PADM.XQ","","","","","","","","","","","","","","","","","","","","","","","","","","","","","","","","","","","","","","","","","","","","","","3.5","3.5","3.5","3.5","3.5","3.5","2.5","2.5","2.5","2.5","2.5","2.5","2.5","2.5","2.5","2.5","",
"Maldivas","MDV","Calificación de calidad de la administración pública de la CPIA (1=bajo a 6=alto)","IQ.CPA.PADM.XQ","","","","","","","","","","","","","","","","","","","","","","","","","","","","","","","","","","","","","","","","","","","","","","4","4","4","4","3.5","3.5","3.5","3.5","3","3","3","3","3","3","3","3","",
"Oriente Medio y Norte de África","MEA","Calificación de calidad de la administración pública de la CPIA (1=bajo a 6=alto)","IQ.CPA.PADM.XQ","","","","","","","","","","","","","","","","","","","","","","","","","","","","","","","","","","","","","","","","","","","","","","2.75","2.75","2.75","2.75","2.75","2.75","2.75","2.75","2.75","2.75","2.5","2.25","2.25","2.25","2.5","2.5","",
"México","MEX","Calificación de calidad de la administración pública de la CPIA (1=bajo a 6=alto)","IQ.CPA.PADM.XQ","","","","","","","","","","","","","","","","","","","","","","","","","","","","","","","","","","","","","","","","","","","","","","","","","","","","","","","","","","","","","","",
"Islas Marshall","MHL","Calificación de calidad de la administración pública de la CPIA (1=bajo a 6=alto)","IQ.CPA.PADM.XQ","","","","","","","","","","","","","","","","","","","","","","","","","","","","","","","","","","","","","","","","","","","","","","","","","","","","2","2","2","3","2","2","2","2","2","2","",
" Ingreso mediano","MIC","Calificación de calidad de la administración pública de la CPIA (1=bajo a 6=alto)","IQ.CPA.PADM.XQ","","","","","","","","","","","","","","","","","","","","","","","","","","","","","","","","","","","","","","","","","","","","","","3.05454545454545","3.01785714285714","3.02830188679245","3.06603773584906","3.05555555555556","3.07407407407407","3.02727272727273","3.01785714285714","3","3.04807692307692","3.00961538461538","2.98979591836735","2.97959183673469","2.98979591836735","2.98","2.9375","",
"Macedonia del Norte","MKD","Calificación de calidad de la administración pública de la CPIA (1=bajo a 6=alto)","IQ.CPA.PADM.XQ","","","","","","","","","","","","","","","","","","","","","","","","","","","","","","","","","","","","","","","","","","","","","","","","","","","","","","","","","","","","","","",
"Malí","MLI","Calificación de calidad de la administración pública de la CPIA (1=bajo a 6=alto)","IQ.CPA.PADM.XQ","","","","","","","","","","","","","","","","","","","","","","","","","","","","","","","","","","","","","","","","","","","","","","3","3","3","3","3","3","3","2.5","2.5","2.5","2.5","2.5","2.5","2.5","2.5","2.5","",
"Malta","MLT","Calificación de calidad de la administración pública de la CPIA (1=bajo a 6=alto)","IQ.CPA.PADM.XQ","","","","","","","","","","","","","","","","","","","","","","","","","","","","","","","","","","","","","","","","","","","","","","","","","","","","","","","","","","","","","","",
"Myanmar","MMR","Calificación de calidad de la administración pública de la CPIA (1=bajo a 6=alto)","IQ.CPA.PADM.XQ","","","","","","","","","","","","","","","","","","","","","","","","","","","","","","","","","","","","","","","","","","","","","","","","","","","","","","2.5","3","2.5","2.5","2.5","2.5","2.5","2.5","",
"Oriente Medio y Norte de África (excluido altos ingresos)","MNA","Calificación de calidad de la administración pública de la CPIA (1=bajo a 6=alto)","IQ.CPA.PADM.XQ","","","","","","","","","","","","","","","","","","","","","","","","","","","","","","","","","","","","","","","","","","","","","","2.75","2.75","2.75","2.75","2.75","2.75","2.75","2.75","2.75","2.75","2.5","2.25","2.25","2.25","2.5","2.5","",
"Montenegro","MNE","Calificación de calidad de la administración pública de la CPIA (1=bajo a 6=alto)","IQ.CPA.PADM.XQ","","","","","","","","","","","","","","","","","","","","","","","","","","","","","","","","","","","","","","","","","","","","","","","","","","","","","","","","","","","","","","",
"Mongolia","MNG","Calificación de calidad de la administración pública de la CPIA (1=bajo a 6=alto)","IQ.CPA.PADM.XQ","","","","","","","","","","","","","","","","","","","","","","","","","","","","","","","","","","","","","","","","","","","","","","3.5","3.5","3.5","3.5","3.5","3.5","3.5","3.5","3.5","3","3.5","3","3","3","3.5","","",
"Mariana","MNP","Calificación de calidad de la administración pública de la CPIA (1=bajo a 6=alto)","IQ.CPA.PADM.XQ","","","","","","","","","","","","","","","","","","","","","","","","","","","","","","","","","","","","","","","","","","","","","","","","","","","","","","","","","","","","","","",
"Mozambique","MOZ","Calificación de calidad de la administración pública de la CPIA (1=bajo a 6=alto)","IQ.CPA.PADM.XQ","","","","","","","","","","","","","","","","","","","","","","","","","","","","","","","","","","","","","","","","","","","","","","3","2.5","3","3","3","3","3","3","3","3","3","3","3","3","3","3","",
"Mauritania","MRT","Calificación de calidad de la administración pública de la CPIA (1=bajo a 6=alto)","IQ.CPA.PADM.XQ","","","","","","","","","","","","","","","","","","","","","","","","","","","","","","","","","","","","","","","","","","","","","","3","3","3","3","3","3","3","3","3","3","3","3","3","3","3","2.5","",
"Mauricio","MUS","Calificación de calidad de la administración pública de la CPIA (1=bajo a 6=alto)","IQ.CPA.PADM.XQ","","","","","","","","","","","","","","","","","","","","","","","","","","","","","","","","","","","","","","","","","","","","","","","","","","","","","","","","","","","","","","",
"Malawi","MWI","Calificación de calidad de la administración pública de la CPIA (1=bajo a 6=alto)","IQ.CPA.PADM.XQ","","","","","","","","","","","","","","","","","","","","","","","","","","","","","","","","","","","","","","","","","","","","","","3.5","3.5","3.5","3.5","3.5","3.5","3","3","3","2.5","2.5","2.5","2.5","2.5","2.5","2.5","",
"Malasia","MYS","Calificación de calidad de la administración pública de la CPIA (1=bajo a 6=alto)","IQ.CPA.PADM.XQ","","","","","","","","","","","","","","","","","","","","","","","","","","","","","","","","","","","","","","","","","","","","","","","","","","","","","","","","","","","","","","",
"América del Norte","NAC","Calificación de calidad de la administración pública de la CPIA (1=bajo a 6=alto)","IQ.CPA.PADM.XQ","","","","","","","","","","","","","","","","","","","","","","","","","","","","","","","","","","","","","","","","","","","","","","","","","","","","","","","","","","","","","","",
"Namibia","NAM","Calificación de calidad de la administración pública de la CPIA (1=bajo a 6=alto)","IQ.CPA.PADM.XQ","","","","","","","","","","","","","","","","","","","","","","","","","","","","","","","","","","","","","","","","","","","","","","","","","","","","","","","","","","","","","","",
"Nueva Caledonia","NCL","Calificación de calidad de la administración pública de la CPIA (1=bajo a 6=alto)","IQ.CPA.PADM.XQ","","","","","","","","","","","","","","","","","","","","","","","","","","","","","","","","","","","","","","","","","","","","","","","","","","","","","","","","","","","","","","",
"Níger","NER","Calificación de calidad de la administración pública de la CPIA (1=bajo a 6=alto)","IQ.CPA.PADM.XQ","","","","","","","","","","","","","","","","","","","","","","","","","","","","","","","","","","","","","","","","","","","","","","3","3","3","3","3","3","3","3","3","3","3","3","3","3","3","3","",
"Nigeria","NGA","Calificación de calidad de la administración pública de la CPIA (1=bajo a 6=alto)","IQ.CPA.PADM.XQ","","","","","","","","","","","","","","","","","","","","","","","","","","","","","","","","","","","","","","","","","","","","","","2.5","2.5","3","3","3","3","3","3","2.5","2.5","2.5","2.5","2.5","2.5","2.5","2.5","",
"Nicaragua","NIC","Calificación de calidad de la administración pública de la CPIA (1=bajo a 6=alto)","IQ.CPA.PADM.XQ","","","","","","","","","","","","","","","","","","","","","","","","","","","","","","","","","","","","","","","","","","","","","","3.5","3","3","3","3","3","3","3","3","3","3","3","3","3","3","3","",
"Países Bajos","NLD","Calificación de calidad de la administración pública de la CPIA (1=bajo a 6=alto)","IQ.CPA.PADM.XQ","","","","","","","","","","","","","","","","","","","","","","","","","","","","","","","","","","","","","","","","","","","","","","","","","","","","","","","","","","","","","","",
"Noruega","NOR","Calificación de calidad de la administración pública de la CPIA (1=bajo a 6=alto)","IQ.CPA.PADM.XQ","","","","","","","","","","","","","","","","","","","","","","","","","","","","","","","","","","","","","","","","","","","","","","","","","","","","","","","","","","","","","","",
"Nepal","NPL","Calificación de calidad de la administración pública de la CPIA (1=bajo a 6=alto)","IQ.CPA.PADM.XQ","","","","","","","","","","","","","","","","","","","","","","","","","","","","","","","","","","","","","","","","","","","","","","3","3","3","3","3","3","3","3","3","3","3","3","3","3","2.5","2.5","",
"Nauru","NRU","Calificación de calidad de la administración pública de la CPIA (1=bajo a 6=alto)","IQ.CPA.PADM.XQ","","","","","","","","","","","","","","","","","","","","","","","","","","","","","","","","","","","","","","","","","","","","","","","","","","","","","","","","","","","","","","",
"Nueva Zelandia","NZL","Calificación de calidad de la administración pública de la CPIA (1=bajo a 6=alto)","IQ.CPA.PADM.XQ","","","","","","","","","","","","","","","","","","","","","","","","","","","","","","","","","","","","","","","","","","","","","","","","","","","","","","","","","","","","","","",
"Miembros OCDE","OED","Calificación de calidad de la administración pública de la CPIA (1=bajo a 6=alto)","IQ.CPA.PADM.XQ","","","","","","","","","","","","","","","","","","","","","","","","","","","","","","","","","","","","","","","","","","","","","","","","","","","","","","","","","","","","","","",
"Omán","OMN","Calificación de calidad de la administración pública de la CPIA (1=bajo a 6=alto)","IQ.CPA.PADM.XQ","","","","","","","","","","","","","","","","","","","","","","","","","","","","","","","","","","","","","","","","","","","","","","","","","","","","","","","","","","","","","","",
"Otros Estados pequeos","OSS","Calificación de calidad de la administración pública de la CPIA (1=bajo a 6=alto)","IQ.CPA.PADM.XQ","","","","","","","","","","","","","","","","","","","","","","","","","","","","","","","","","","","","","","","","","","","","","","3.11111111111111","3.05","3.05","3.05","3.05","3.05","3.05","3","2.95","3.05","2.95","2.95","2.9","2.95","2.9","2.9","",
"Pakistán","PAK","Calificación de calidad de la administración pública de la CPIA (1=bajo a 6=alto)","IQ.CPA.PADM.XQ","","","","","","","","","","","","","","","","","","","","","","","","","","","","","","","","","","","","","","","","","","","","","","3.5","3.5","3.5","3.5","3.5","3.5","3.5","3.5","3.5","3.5","3.5","3","3","3","3","3","",
"Panamá","PAN","Calificación de calidad de la administración pública de la CPIA (1=bajo a 6=alto)","IQ.CPA.PADM.XQ","","","","","","","","","","","","","","","","","","","","","","","","","","","","","","","","","","","","","","","","","","","","","","","","","","","","","","","","","","","","","","",
"Perú","PER","Calificación de calidad de la administración pública de la CPIA (1=bajo a 6=alto)","IQ.CPA.PADM.XQ","","","","","","","","","","","","","","","","","","","","","","","","","","","","","","","","","","","","","","","","","","","","","","","","","","","","","","","","","","","","","","",
"Filipinas","PHL","Calificación de calidad de la administración pública de la CPIA (1=bajo a 6=alto)","IQ.CPA.PADM.XQ","","","","","","","","","","","","","","","","","","","","","","","","","","","","","","","","","","","","","","","","","","","","","","","","","","","","","","","","","","","","","","",
"Palau","PLW","Calificación de calidad de la administración pública de la CPIA (1=bajo a 6=alto)","IQ.CPA.PADM.XQ","","","","","","","","","","","","","","","","","","","","","","","","","","","","","","","","","","","","","","","","","","","","","","","","","","","","","","","","","","","","","","",
"Papua Nueva Guinea","PNG","Calificación de calidad de la administración pública de la CPIA (1=bajo a 6=alto)","IQ.CPA.PADM.XQ","","","","","","","","","","","","","","","","","","","","","","","","","","","","","","","","","","","","","","","","","","","","","","3","2.5","2.5","2.5","2.5","3","3","3","3","3","3","3","3","3","2.5","2.5","",
"Polonia","POL","Calificación de calidad de la administración pública de la CPIA (1=bajo a 6=alto)","IQ.CPA.PADM.XQ","","","","","","","","","","","","","","","","","","","","","","","","","","","","","","","","","","","","","","","","","","","","","","","","","","","","","","","","","","","","","","",
"previa al dividendo demográfico","PRE","Calificación de calidad de la administración pública de la CPIA (1=bajo a 6=alto)","IQ.CPA.PADM.XQ","","","","","","","","","","","","","","","","","","","","","","","","","","","","","","","","","","","","","","","","","","","","","","2.81666666666667","2.796875","2.828125","2.796875","2.81818181818182","2.8030303030303","2.77272727272727","2.72058823529412","2.70588235294118","2.75757575757576","2.71212121212121","2.74242424242424","2.69117647058824","2.6969696969697","2.67647058823529","2.66176470588235","",
"Puerto Rico","PRI","Calificación de calidad de la administración pública de la CPIA (1=bajo a 6=alto)","IQ.CPA.PADM.XQ","","","","","","","","","","","","","","","","","","","","","","","","","","","","","","","","","","","","","","","","","","","","","","","","","","","","","","","","","","","","","","",
"Corea, República Popular Democrática de","PRK","Calificación de calidad de la administración pública de la CPIA (1=bajo a 6=alto)","IQ.CPA.PADM.XQ","","","","","","","","","","","","","","","","","","","","","","","","","","","","","","","","","","","","","","","","","","","","","","","","","","","","","","","","","","","","","","",
"Portugal","PRT","Calificación de calidad de la administración pública de la CPIA (1=bajo a 6=alto)","IQ.CPA.PADM.XQ","","","","","","","","","","","","","","","","","","","","","","","","","","","","","","","","","","","","","","","","","","","","","","","","","","","","","","","","","","","","","","",
"Paraguay","PRY","Calificación de calidad de la administración pública de la CPIA (1=bajo a 6=alto)","IQ.CPA.PADM.XQ","","","","","","","","","","","","","","","","","","","","","","","","","","","","","","","","","","","","","","","","","","","","","","","","","","","","","","","","","","","","","","",
"Ribera Occidental y Gaza","PSE","Calificación de calidad de la administración pública de la CPIA (1=bajo a 6=alto)","IQ.CPA.PADM.XQ","","","","","","","","","","","","","","","","","","","","","","","","","","","","","","","","","","","","","","","","","","","","","","","","","","","","","","","","","","","","","","",
"Estados pequeos de las Islas del Pacfico","PSS","Calificación de calidad de la administración pública de la CPIA (1=bajo a 6=alto)","IQ.CPA.PADM.XQ","","","","","","","","","","","","","","","","","","","","","","","","","","","","","","","","","","","","","","","","","","","","","","2.8","2.8","2.9","3.1","3.1","3.1","2.85714285714286","2.8125","2.8125","3.0625","2.8125","2.8125","2.8125","2.8125","2.8125","2.88888888888889","",
"posterior al dividendo demográfico","PST","Calificación de calidad de la administración pública de la CPIA (1=bajo a 6=alto)","IQ.CPA.PADM.XQ","","","","","","","","","","","","","","","","","","","","","","","","","","","","","","","","","","","","","","","","","","","","","","3","3","3","3","3","3","3","3","3","","","","","","","","",
"Polinesia Francesa","PYF","Calificación de calidad de la administración pública de la CPIA (1=bajo a 6=alto)","IQ.CPA.PADM.XQ","","","","","","","","","","","","","","","","","","","","","","","","","","","","","","","","","","","","","","","","","","","","","","","","","","","","","","","","","","","","","","",
"Qatar","QAT","Calificación de calidad de la administración pública de la CPIA (1=bajo a 6=alto)","IQ.CPA.PADM.XQ","","","","","","","","","","","","","","","","","","","","","","","","","","","","","","","","","","","","","","","","","","","","","","","","","","","","","","","","","","","","","","",
"Rumania","ROU","Calificación de calidad de la administración pública de la CPIA (1=bajo a 6=alto)","IQ.CPA.PADM.XQ","","","","","","","","","","","","","","","","","","","","","","","","","","","","","","","","","","","","","","","","","","","","","","","","","","","","","","","","","","","","","","",
"Federación de Rusia","RUS","Calificación de calidad de la administración pública de la CPIA (1=bajo a 6=alto)","IQ.CPA.PADM.XQ","","","","","","","","","","","","","","","","","","","","","","","","","","","","","","","","","","","","","","","","","","","","","","","","","","","","","","","","","","","","","","",
"Rwanda","RWA","Calificación de calidad de la administración pública de la CPIA (1=bajo a 6=alto)","IQ.CPA.PADM.XQ","","","","","","","","","","","","","","","","","","","","","","","","","","","","","","","","","","","","","","","","","","","","","","3.5","3.5","3.5","3.5","3.5","4","3.5","3.5","3.5","3.5","3.5","3.5","3.5","4","4","4","",
"Asia meridional","SAS","Calificación de calidad de la administración pública de la CPIA (1=bajo a 6=alto)","IQ.CPA.PADM.XQ","","","","","","","","","","","","","","","","","","","","","","","","","","","","","","","","","","","","","","","","","","","","","","3.42857142857143","3.25","3.25","3.25","3.1875","3.1875","3.25","3.25","3.1875","3.14285714285714","3.14285714285714","3.08333333333333","3","3","3","2.83333333333333","",
"Arabia Saudita","SAU","Calificación de calidad de la administración pública de la CPIA (1=bajo a 6=alto)","IQ.CPA.PADM.XQ","","","","","","","","","","","","","","","","","","","","","","","","","","","","","","","","","","","","","","","","","","","","","","","","","","","","","","","","","","","","","","",
"Sudán","SDN","Calificación de calidad de la administración pública de la CPIA (1=bajo a 6=alto)","IQ.CPA.PADM.XQ","","","","","","","","","","","","","","","","","","","","","","","","","","","","","","","","","","","","","","","","","","","","","","2.5","2.5","2.5","2.5","2.5","2.5","2","2","2","2","2","2","2","2","2","2","",
"Senegal","SEN","Calificación de calidad de la administración pública de la CPIA (1=bajo a 6=alto)","IQ.CPA.PADM.XQ","","","","","","","","","","","","","","","","","","","","","","","","","","","","","","","","","","","","","","","","","","","","","","3.5","3.5","3.5","3.5","3.5","3.5","3.5","3.5","3.5","3.5","3.5","3.5","3.5","3.5","3.5","3.5","",
"Singapur","SGP","Calificación de calidad de la administración pública de la CPIA (1=bajo a 6=alto)","IQ.CPA.PADM.XQ","","","","","","","","","","","","","","","","","","","","","","","","","","","","","","","","","","","","","","","","","","","","","","","","","","","","","","","","","","","","","","",
"Islas Salomón","SLB","Calificación de calidad de la administración pública de la CPIA (1=bajo a 6=alto)","IQ.CPA.PADM.XQ","","","","","","","","","","","","","","","","","","","","","","","","","","","","","","","","","","","","","","","","","","","","","","2","2","2","2","2","2","2","2","2","3","2","2","2","2","2","2","",
"Sierra Leona","SLE","Calificación de calidad de la administración pública de la CPIA (1=bajo a 6=alto)","IQ.CPA.PADM.XQ","","","","","","","","","","","","","","","","","","","","","","","","","","","","","","","","","","","","","","","","","","","","","","3","3","3","2.5","3","3","3","3","3","3","3","3","3","3","3","3","",
"El Salvador","SLV","Calificación de calidad de la administración pública de la CPIA (1=bajo a 6=alto)","IQ.CPA.PADM.XQ","","","","","","","","","","","","","","","","","","","","","","","","","","","","","","","","","","","","","","","","","","","","","","","","","","","","","","","","","","","","","","",
"San Marino","SMR","Calificación de calidad de la administración pública de la CPIA (1=bajo a 6=alto)","IQ.CPA.PADM.XQ","","","","","","","","","","","","","","","","","","","","","","","","","","","","","","","","","","","","","","","","","","","","","","","","","","","","","","","","","","","","","","",
"Somalia","SOM","Calificación de calidad de la administración pública de la CPIA (1=bajo a 6=alto)","IQ.CPA.PADM.XQ","","","","","","","","","","","","","","","","","","","","","","","","","","","","","","","","","","","","","","","","","","","","","","","","","","","","","","","","","","2","","2","2","",
"Serbia","SRB","Calificación de calidad de la administración pública de la CPIA (1=bajo a 6=alto)","IQ.CPA.PADM.XQ","","","","","","","","","","","","","","","","","","","","","","","","","","","","","","","","","","","","","","","","","","","","","","4","3","","","","","","","","","","","","","","","",
"África al sur del Sahara (excluido altos ingresos)","SSA","Calificación de calidad de la administración pública de la CPIA (1=bajo a 6=alto)","IQ.CPA.PADM.XQ","","","","","","","","","","","","","","","","","","","","","","","","","","","","","","","","","","","","","","","","","","","","","","2.87837837837838","2.89189189189189","2.90540540540541","2.86486486486486","2.90789473684211","2.92105263157895","2.88157894736842","2.83333333333333","2.82051282051282","2.85526315789474","2.84210526315789","2.86842105263158","2.82051282051282","2.85526315789474","2.83333333333333","2.82051282051282","",
"Sudán del Sur","SSD","Calificación de calidad de la administración pública de la CPIA (1=bajo a 6=alto)","IQ.CPA.PADM.XQ","","","","","","","","","","","","","","","","","","","","","","","","","","","","","","","","","","","","","","","","","","","","","","","","","","","","","2","2","2","2","1.5","1","1","1","1","",
"África al sur del Sahara","SSF","Calificación de calidad de la administración pública de la CPIA (1=bajo a 6=alto)","IQ.CPA.PADM.XQ","","","","","","","","","","","","","","","","","","","","","","","","","","","","","","","","","","","","","","","","","","","","","","2.87837837837838","2.89189189189189","2.90540540540541","2.86486486486486","2.90789473684211","2.92105263157895","2.88157894736842","2.83333333333333","2.82051282051282","2.85526315789474","2.84210526315789","2.86842105263158","2.82051282051282","2.85526315789474","2.83333333333333","2.82051282051282","",
"Pequeños Estados","SST","Calificación de calidad de la administración pública de la CPIA (1=bajo a 6=alto)","IQ.CPA.PADM.XQ","","","","","","","","","","","","","","","","","","","","","","","","","","","","","","","","","","","","","","","","","","","","","","3.07894736842105","3.05","3.075","3.125","3.125","3.125","3.04545454545455","3","2.97826086956522","3.10869565217391","2.97826086956522","2.97826086956522","2.95652173913043","3","2.97826086956522","3","",
"Santo Tomé y Príncipe","STP","Calificación de calidad de la administración pública de la CPIA (1=bajo a 6=alto)","IQ.CPA.PADM.XQ","","","","","","","","","","","","","","","","","","","","","","","","","","","","","","","","","","","","","","","","","","","","","","3","3","3","3","3","3","3","3","3","3","3","3","3","3","3","3","",
"Suriname","SUR","Calificación de calidad de la administración pública de la CPIA (1=bajo a 6=alto)","IQ.CPA.PADM.XQ","","","","","","","","","","","","","","","","","","","","","","","","","","","","","","","","","","","","","","","","","","","","","","","","","","","","","","","","","","","","","","",
"República Eslovaca","SVK","Calificación de calidad de la administración pública de la CPIA (1=bajo a 6=alto)","IQ.CPA.PADM.XQ","","","","","","","","","","","","","","","","","","","","","","","","","","","","","","","","","","","","","","","","","","","","","","","","","","","","","","","","","","","","","","",
"Eslovenia","SVN","Calificación de calidad de la administración pública de la CPIA (1=bajo a 6=alto)","IQ.CPA.PADM.XQ","","","","","","","","","","","","","","","","","","","","","","","","","","","","","","","","","","","","","","","","","","","","","","","","","","","","","","","","","","","","","","",
"Suecia","SWE","Calificación de calidad de la administración pública de la CPIA (1=bajo a 6=alto)","IQ.CPA.PADM.XQ","","","","","","","","","","","","","","","","","","","","","","","","","","","","","","","","","","","","","","","","","","","","","","","","","","","","","","","","","","","","","","",
"Eswatini","SWZ","Calificación de calidad de la administración pública de la CPIA (1=bajo a 6=alto)","IQ.CPA.PADM.XQ","","","","","","","","","","","","","","","","","","","","","","","","","","","","","","","","","","","","","","","","","","","","","","","","","","","","","","","","","","","","","","",
"Sint Maarten (Dutch part)","SXM","Calificación de calidad de la administración pública de la CPIA (1=bajo a 6=alto)","IQ.CPA.PADM.XQ","","","","","","","","","","","","","","","","","","","","","","","","","","","","","","","","","","","","","","","","","","","","","","","","","","","","","","","","","","","","","","",
"Seychelles","SYC","Calificación de calidad de la administración pública de la CPIA (1=bajo a 6=alto)","IQ.CPA.PADM.XQ","","","","","","","","","","","","","","","","","","","","","","","","","","","","","","","","","","","","","","","","","","","","","","","","","","","","","","","","","","","","","","",
"República Árabe Siria","SYR","Calificación de calidad de la administración pública de la CPIA (1=bajo a 6=alto)","IQ.CPA.PADM.XQ","","","","","","","","","","","","","","","","","","","","","","","","","","","","","","","","","","","","","","","","","","","","","","","","","","","","","","","","","","","","","","",
"Islas Turcas y Caicos","TCA","Calificación de calidad de la administración pública de la CPIA (1=bajo a 6=alto)","IQ.CPA.PADM.XQ","","","","","","","","","","","","","","","","","","","","","","","","","","","","","","","","","","","","","","","","","","","","","","","","","","","","","","","","","","","","","","",
"Chad","TCD","Calificación de calidad de la administración pública de la CPIA (1=bajo a 6=alto)","IQ.CPA.PADM.XQ","","","","","","","","","","","","","","","","","","","","","","","","","","","","","","","","","","","","","","","","","","","","","","2.5","3","2.5","2.5","2.5","2.5","2.5","2.5","2.5","2.5","2.5","2.5","2.5","2.5","2.5","2.5","",
"Asia oriental y el Pacífico (BIRF y la AIF)","TEA","Calificación de calidad de la administración pública de la CPIA (1=bajo a 6=alto)","IQ.CPA.PADM.XQ","","","","","","","","","","","","","","","","","","","","","","","","","","","","","","","","","","","","","","","","","","","","","","2.95454545454545","2.91666666666667","2.90909090909091","3","3","3.04545454545455","2.88461538461538","2.85714285714286","2.83333333333333","3","2.83333333333333","2.75","2.75","2.75","2.71428571428571","2.71428571428571","",
"Europa y Asia central (BIRF y la AIF)","TEC","Calificación de calidad de la administración pública de la CPIA (1=bajo a 6=alto)","IQ.CPA.PADM.XQ","","","","","","","","","","","","","","","","","","","","","","","","","","","","","","","","","","","","","","","","","","","","","","3.1","3","3.0625","3.25","3.16666666666667","3.16666666666667","3.125","3.1875","3.25","3.1","3.1","3.1","3.1","3.1","3","3","",
"Togo","TGO","Calificación de calidad de la administración pública de la CPIA (1=bajo a 6=alto)","IQ.CPA.PADM.XQ","","","","","","","","","","","","","","","","","","","","","","","","","","","","","","","","","","","","","","","","","","","","","","2","2","2","2","2","2","2.5","2.5","2.5","2.5","2.5","3","3","3","3","3","",
"Tailandia","THA","Calificación de calidad de la administración pública de la CPIA (1=bajo a 6=alto)","IQ.CPA.PADM.XQ","","","","","","","","","","","","","","","","","","","","","","","","","","","","","","","","","","","","","","","","","","","","","","","","","","","","","","","","","","","","","","",
"Tayikistán","TJK","Calificación de calidad de la administración pública de la CPIA (1=bajo a 6=alto)","IQ.CPA.PADM.XQ","","","","","","","","","","","","","","","","","","","","","","","","","","","","","","","","","","","","","","","","","","","","","","2.5","2.5","2.5","2.5","3","3","3","3","3","3","3","3","3","3","3","3","",
"Turkmenistán","TKM","Calificación de calidad de la administración pública de la CPIA (1=bajo a 6=alto)","IQ.CPA.PADM.XQ","","","","","","","","","","","","","","","","","","","","","","","","","","","","","","","","","","","","","","","","","","","","","","","","","","","","","","","","","","","","","","",
"América Latina y el Caribe (BIRF y la AIF)","TLA","Calificación de calidad de la administración pública de la CPIA (1=bajo a 6=alto)","IQ.CPA.PADM.XQ","","","","","","","","","","","","","","","","","","","","","","","","","","","","","","","","","","","","","","","","","","","","","","3.22222222222222","3.11111111111111","3.11111111111111","3.11111111111111","3.05555555555556","3.11111111111111","3.11111111111111","3.05555555555556","3.05555555555556","3.05555555555556","3.11111111111111","3.125","3.125","3.1875","3.1875","3.1875","",
"Timor-Leste","TLS","Calificación de calidad de la administración pública de la CPIA (1=bajo a 6=alto)","IQ.CPA.PADM.XQ","","","","","","","","","","","","","","","","","","","","","","","","","","","","","","","","","","","","","","","","","","","","","","","2.5","2.5","2.5","2.5","2.5","2","2","2","3","2","2","2","2","2","2","",
"Oriente Medio y Norte de África (BIRF y la AIF)","TMN","Calificación de calidad de la administración pública de la CPIA (1=bajo a 6=alto)","IQ.CPA.PADM.XQ","","","","","","","","","","","","","","","","","","","","","","","","","","","","","","","","","","","","","","","","","","","","","","2.75","2.75","2.75","2.75","2.75","2.75","2.75","2.75","2.75","2.75","2.5","2.25","2.25","2.25","2.5","2.5","",
"Tonga","TON","Calificación de calidad de la administración pública de la CPIA (1=bajo a 6=alto)","IQ.CPA.PADM.XQ","","","","","","","","","","","","","","","","","","","","","","","","","","","","","","","","","","","","","","","","","","","","","","2.5","2.5","3","3.5","3.5","3.5","3.5","3.5","3.5","3.5","3.5","3.5","3.5","3.5","3.5","3.5","",
"Asia meridional (BIRF y la AIF)","TSA","Calificación de calidad de la administración pública de la CPIA (1=bajo a 6=alto)","IQ.CPA.PADM.XQ","","","","","","","","","","","","","","","","","","","","","","","","","","","","","","","","","","","","","","","","","","","","","","3.42857142857143","3.25","3.25","3.25","3.1875","3.1875","3.25","3.25","3.1875","3.14285714285714","3.14285714285714","3.08333333333333","3","3","3","2.83333333333333","",
"África al sur del Sahara (BIRF y la AIF)","TSS","Calificación de calidad de la administración pública de la CPIA (1=bajo a 6=alto)","IQ.CPA.PADM.XQ","","","","","","","","","","","","","","","","","","","","","","","","","","","","","","","","","","","","","","","","","","","","","","2.87837837837838","2.89189189189189","2.90540540540541","2.86486486486486","2.90789473684211","2.92105263157895","2.88157894736842","2.83333333333333","2.82051282051282","2.85526315789474","2.84210526315789","2.86842105263158","2.82051282051282","2.85526315789474","2.83333333333333","2.82051282051282","",
"Trinidad y Tobago","TTO","Calificación de calidad de la administración pública de la CPIA (1=bajo a 6=alto)","IQ.CPA.PADM.XQ","","","","","","","","","","","","","","","","","","","","","","","","","","","","","","","","","","","","","","","","","","","","","","","","","","","","","","","","","","","","","","",
"Túnez","TUN","Calificación de calidad de la administración pública de la CPIA (1=bajo a 6=alto)","IQ.CPA.PADM.XQ","","","","","","","","","","","","","","","","","","","","","","","","","","","","","","","","","","","","","","","","","","","","","","","","","","","","","","","","","","","","","","",
"Turquía","TUR","Calificación de calidad de la administración pública de la CPIA (1=bajo a 6=alto)","IQ.CPA.PADM.XQ","","","","","","","","","","","","","","","","","","","","","","","","","","","","","","","","","","","","","","","","","","","","","","","","","","","","","","","","","","","","","","",
"Tuvalu","TUV","Calificación de calidad de la administración pública de la CPIA (1=bajo a 6=alto)","IQ.CPA.PADM.XQ","","","","","","","","","","","","","","","","","","","","","","","","","","","","","","","","","","","","","","","","","","","","","","","","","","","","","2.5","2.5","3","2.5","2.5","2.5","2.5","2.5","2.5","",
"Tanzanía","TZA","Calificación de calidad de la administración pública de la CPIA (1=bajo a 6=alto)","IQ.CPA.PADM.XQ","","","","","","","","","","","","","","","","","","","","","","","","","","","","","","","","","","","","","","","","","","","","","","3.5","3.5","3.5","3.5","3.5","3","3","3","3","3","3","3.5","3.5","3","3","3","",
"Uganda","UGA","Calificación de calidad de la administración pública de la CPIA (1=bajo a 6=alto)","IQ.CPA.PADM.XQ","","","","","","","","","","","","","","","","","","","","","","","","","","","","","","","","","","","","","","","","","","","","","","3","3","3","3","3","3","3","3","3","3","3","3","3","3","3","3","",
"Ucrania","UKR","Calificación de calidad de la administración pública de la CPIA (1=bajo a 6=alto)","IQ.CPA.PADM.XQ","","","","","","","","","","","","","","","","","","","","","","","","","","","","","","","","","","","","","","","","","","","","","","","","","","","","","","","","","","","","","","",
"Ingreso mediano alto","UMC","Calificación de calidad de la administración pública de la CPIA (1=bajo a 6=alto)","IQ.CPA.PADM.XQ","","","","","","","","","","","","","","","","","","","","","","","","","","","","","","","","","","","","","","","","","","","","","","3.32142857142857","3.25","3.33333333333333","3.45833333333333","3.30769230769231","3.30769230769231","3.19230769230769","3.17857142857143","3.17857142857143","3.22727272727273","3.09090909090909","3.09090909090909","3.09090909090909","3.13636363636364","3.09090909090909","3.13636363636364","",
"Uruguay","URY","Calificación de calidad de la administración pública de la CPIA (1=bajo a 6=alto)","IQ.CPA.PADM.XQ","","","","","","","","","","","","","","","","","","","","","","","","","","","","","","","","","","","","","","","","","","","","","","","","","","","","","","","","","","","","","","",
"Estados Unidos","USA","Calificación de calidad de la administración pública de la CPIA (1=bajo a 6=alto)","IQ.CPA.PADM.XQ","","","","","","","","","","","","","","","","","","","","","","","","","","","","","","","","","","","","","","","","","","","","","","","","","","","","","","","","","","","","","","",
"Uzbekistán","UZB","Calificación de calidad de la administración pública de la CPIA (1=bajo a 6=alto)","IQ.CPA.PADM.XQ","","","","","","","","","","","","","","","","","","","","","","","","","","","","","","","","","","","","","","","","","","","","","","2.5","2.5","2.5","3","3","3","3","3","3","3","3","3","3","3","3","3","",
"San Vicente y las Granadinas","VCT","Calificación de calidad de la administración pública de la CPIA (1=bajo a 6=alto)","IQ.CPA.PADM.XQ","","","","","","","","","","","","","","","","","","","","","","","","","","","","","","","","","","","","","","","","","","","","","","3.5","3.5","3.5","3.5","3.5","3.5","3.5","3.5","3.5","3.5","3.5","3.5","3.5","3.5","3.5","3.5","",
"Venezuela","VEN","Calificación de calidad de la administración pública de la CPIA (1=bajo a 6=alto)","IQ.CPA.PADM.XQ","","","","","","","","","","","","","","","","","","","","","","","","","","","","","","","","","","","","","","","","","","","","","","","","","","","","","","","","","","","","","","",
"Islas Vírgenes Británicas","VGB","Calificación de calidad de la administración pública de la CPIA (1=bajo a 6=alto)","IQ.CPA.PADM.XQ","","","","","","","","","","","","","","","","","","","","","","","","","","","","","","","","","","","","","","","","","","","","","","","","","","","","","","","","","","","","","","",
"Islas Vírgenes (EE.UU.)","VIR","Calificación de calidad de la administración pública de la CPIA (1=bajo a 6=alto)","IQ.CPA.PADM.XQ","","","","","","","","","","","","","","","","","","","","","","","","","","","","","","","","","","","","","","","","","","","","","","","","","","","","","","","","","","","","","","",
"Viet Nam","VNM","Calificación de calidad de la administración pública de la CPIA (1=bajo a 6=alto)","IQ.CPA.PADM.XQ","","","","","","","","","","","","","","","","","","","","","","","","","","","","","","","","","","","","","","","","","","","","","","3.5","3.5","3.5","3.5","3.5","3.5","3.5","3.5","3.5","3","3.5","","","","","","",
"Vanuatu","VUT","Calificación de calidad de la administración pública de la CPIA (1=bajo a 6=alto)","IQ.CPA.PADM.XQ","","","","","","","","","","","","","","","","","","","","","","","","","","","","","","","","","","","","","","","","","","","","","","2.5","2.5","2.5","3","3","3","3","3","3","3","3","3","3","3","3","3","",
"Mundo","WLD","Calificación de calidad de la administración pública de la CPIA (1=bajo a 6=alto)","IQ.CPA.PADM.XQ","","","","","","","","","","","","","","","","","","","","","","","","","","","","","","","","","","","","","","","","","","","","","","3.00657894736842","2.96794871794872","2.98","2.99333333333333","2.99350649350649","3.01298701298701","2.96794871794872","2.9375","2.92592592592593","2.94736842105263","2.90789473684211","2.89041095890411","2.85810810810811","2.88356164383562","2.86666666666667","2.84246575342466","",
"Samoa","WSM","Calificación de calidad de la administración pública de la CPIA (1=bajo a 6=alto)","IQ.CPA.PADM.XQ","","","","","","","","","","","","","","","","","","","","","","","","","","","","","","","","","","","","","","","","","","","","","","4","4","4","4","4","4","4","4","4","3","4","4","4","4","4","4","",
"Kosovo","XKX","Calificación de calidad de la administración pública de la CPIA (1=bajo a 6=alto)","IQ.CPA.PADM.XQ","","","","","","","","","","","","","","","","","","","","","","","","","","","","","","","","","","","","","","","","","","","","","","","","","","2.5","2.5","3","3","3","3","3","3","3","3","3","3","",
"Yemen, Rep. del","YEM","Calificación de calidad de la administración pública de la CPIA (1=bajo a 6=alto)","IQ.CPA.PADM.XQ","","","","","","","","","","","","","","","","","","","","","","","","","","","","","","","","","","","","","","","","","","","","","","3","3","3","3","3","3","3","3","3","3","2.5","2","2","1.5","1.5","1.5","",
"Sudáfrica","ZAF","Calificación de calidad de la administración pública de la CPIA (1=bajo a 6=alto)","IQ.CPA.PADM.XQ","","","","","","","","","","","","","","","","","","","","","","","","","","","","","","","","","","","","","","","","","","","","","","","","","","","","","","","","","","","","","","",
"Zambia","ZMB","Calificación de calidad de la administración pública de la CPIA (1=bajo a 6=alto)","IQ.CPA.PADM.XQ","","","","","","","","","","","","","","","","","","","","","","","","","","","","","","","","","","","","","","","","","","","","","","3","3","3","3","3","3","3","3","3","3","3","3","3","3","3","3","",
"Zimbabwe","ZWE","Calificación de calidad de la administración pública de la CPIA (1=bajo a 6=alto)","IQ.CPA.PADM.XQ","","","","","","","","","","","","","","","","","","","","","","","","","","","","","","","","","","","","","","","","","","","","","","2","2","1.5","1","1.5","2","2","2","2","2.5","2.5","2.5","2.5","2.5","3","3","",
